strategy,run_name,fit_days,calibration_days,test_days,step_days,horizon,transaction_loss_pct,trading_days_per_year,p_win_threshold,holdout_days,live_model,live_decision_mode,Annualized Return,Annualized Vol,Sharpe,Cumulative Return,plot_path,output_dir
Equal-weight,fit480_cal120_test30_step30_h5_cost0.025_tdpy260_pwin0.5_holdout60_liveensemble_modethreshold_top1,480,120,30,30,5,0.025,260,0.5,60,ensemble,threshold_top1,0.07069279651873694,0.028281720090823404,2.49959324580384,0.015887792745928442,experiment_results\fit480_cal120_test30_step30_h5_cost0.025_tdpy260_pwin0.5_holdout60_liveensemble_modethreshold_top1\pnl_curves.png,C:\Users\tbill\Documents\ml_engine\experiment_results\fit480_cal120_test30_step30_h5_cost0.025_tdpy260_pwin0.5_holdout60_liveensemble_modethreshold_top1
ensemble Threshold,fit480_cal120_test30_step30_h1_cost0.025_tdpy260_pwin0.5_holdout60_liveensemble_modethreshold_top1,480,120,30,30,1,0.025,260,0.5,60,ensemble,threshold_top1,-0.05041829080810101,0.043263125710386804,-1.165387150840938,-0.01186756388707444,experiment_results\fit480_cal120_test30_step30_h1_cost0.025_tdpy260_pwin0.5_holdout60_liveensemble_modethreshold_top1\pnl_curves.png,C:\Users\tbill\Documents\ml_engine\experiment_results\fit480_cal120_test30_step30_h1_cost0.025_tdpy260_pwin0.5_holdout60_liveensemble_modethreshold_top1
ensemble Threshold Top-1,fit480_cal120_test30_step30_h1_cost0.025_tdpy260_pwin0.5_holdout60_liveensemble_modethreshold_top1,480,120,30,30,1,0.025,260,0.5,60,ensemble,threshold_top1,0.14619063745326444,0.07159258414620961,2.0419801742972052,0.03198802827616354,experiment_results\fit480_cal120_test30_step30_h1_cost0.025_tdpy260_pwin0.5_holdout60_liveensemble_modethreshold_top1\pnl_curves.png,C:\Users\tbill\Documents\ml_engine\experiment_results\fit480_cal120_test30_step30_h1_cost0.025_tdpy260_pwin0.5_holdout60_liveensemble_modethreshold_top1
ensemble Threshold Top-3,fit480_cal120_test30_step30_h1_cost0.025_tdpy260_pwin0.5_holdout60_liveensemble_modethreshold_top1,480,120,30,30,1,0.025,260,0.5,60,ensemble,threshold_top1,0.07140775539235289,0.053892639713976356,1.325000144200289,0.016044297781118155,experiment_results\fit480_cal120_test30_step30_h1_cost0.025_tdpy260_pwin0.5_holdout60_liveensemble_modethreshold_top1\pnl_curves.png,C:\Users\tbill\Documents\ml_engine\experiment_results\fit480_cal120_test30_step30_h1_cost0.025_tdpy260_pwin0.5_holdout60_liveensemble_modethreshold_top1
ensemble Top-1,fit480_cal120_test30_step30_h1_cost0.025_tdpy260_pwin0.5_holdout60_liveensemble_modethreshold_top1,480,120,30,30,1,0.025,260,0.5,60,ensemble,threshold_top1,0.14619063745326444,0.07159258414620961,2.0419801742972052,0.03198802827616354,experiment_results\fit480_cal120_test30_step30_h1_cost0.025_tdpy260_pwin0.5_holdout60_liveensemble_modethreshold_top1\pnl_curves.png,C:\Users\tbill\Documents\ml_engine\experiment_results\fit480_cal120_test30_step30_h1_cost0.025_tdpy260_pwin0.5_holdout60_liveensemble_modethreshold_top1
ensemble Top-3,fit480_cal120_test30_step30_h1_cost0.025_tdpy260_pwin0.5_holdout60_liveensemble_modethreshold_top1,480,120,30,30,1,0.025,260,0.5,60,ensemble,threshold_top1,0.020510128768357783,0.05453949141991137,0.3760601398066926,0.004696214779396302,experiment_results\fit480_cal120_test30_step30_h1_cost0.025_tdpy260_pwin0.5_holdout60_liveensemble_modethreshold_top1\pnl_curves.png,C:\Users\tbill\Documents\ml_engine\experiment_results\fit480_cal120_test30_step30_h1_cost0.025_tdpy260_pwin0.5_holdout60_liveensemble_modethreshold_top1
ensemble Top-Decile,fit480_cal120_test30_step30_h1_cost0.025_tdpy260_pwin0.5_holdout60_liveensemble_modethreshold_top1,480,120,30,30,1,0.025,260,0.5,60,ensemble,threshold_top1,0.020510128768357783,0.05453949141991137,0.3760601398066926,0.004696214779396302,experiment_results\fit480_cal120_test30_step30_h1_cost0.025_tdpy260_pwin0.5_holdout60_liveensemble_modethreshold_top1\pnl_curves.png,C:\Users\tbill\Documents\ml_engine\experiment_results\fit480_cal120_test30_step30_h1_cost0.025_tdpy260_pwin0.5_holdout60_liveensemble_modethreshold_top1
ensemble_brier Threshold,fit480_cal120_test30_step30_h5_cost0.025_tdpy260_pwin0.5_holdout60_liveensemble_brier_modethreshold_top1,480,120,30,30,5,0.025,260,0.5,60,ensemble_brier,threshold_top1,-0.07166769012936314,0.04678423545735687,-1.5318769117149977,-0.01701485743620046,experiment_results\fit480_cal120_test30_step30_h5_cost0.025_tdpy260_pwin0.5_holdout60_liveensemble_brier_modethreshold_top1\pnl_curves.png,C:\Users\tbill\Documents\ml_engine\experiment_results\fit480_cal120_test30_step30_h5_cost0.025_tdpy260_pwin0.5_holdout60_liveensemble_brier_modethreshold_top1
ensemble_brier Threshold Top-1,fit480_cal120_test30_step30_h1_cost0.025_tdpy260_pwin0.5_holdout60_liveensemble_brier_modethreshold_top1,480,120,30,30,1,0.025,260,0.5,60,ensemble_brier,threshold_top1,0.10560938258153474,0.07946089352315017,1.3290736851677418,0.023438933645940185,experiment_results\fit480_cal120_test30_step30_h1_cost0.025_tdpy260_pwin0.5_holdout60_liveensemble_brier_modethreshold_top1\pnl_curves.png,C:\Users\tbill\Documents\ml_engine\experiment_results\fit480_cal120_test30_step30_h1_cost0.025_tdpy260_pwin0.5_holdout60_liveensemble_brier_modethreshold_top1
ensemble_brier Threshold Top-3,fit480_cal120_test30_step30_h1_cost0.025_tdpy260_pwin0.5_holdout60_liveensemble_brier_modethreshold_top1,480,120,30,30,1,0.025,260,0.5,60,ensemble_brier,threshold_top1,0.047481946102359895,0.05627191690485266,0.843794715268803,0.010762691081538156,experiment_results\fit480_cal120_test30_step30_h1_cost0.025_tdpy260_pwin0.5_holdout60_liveensemble_brier_modethreshold_top1\pnl_curves.png,C:\Users\tbill\Documents\ml_engine\experiment_results\fit480_cal120_test30_step30_h1_cost0.025_tdpy260_pwin0.5_holdout60_liveensemble_brier_modethreshold_top1
ensemble_brier Top-1,fit480_cal120_test30_step30_h1_cost0.025_tdpy260_pwin0.5_holdout60_liveensemble_brier_modethreshold_top1,480,120,30,30,1,0.025,260,0.5,60,ensemble_brier,threshold_top1,0.10560938258153474,0.07946089352315017,1.3290736851677418,0.023438933645940185,experiment_results\fit480_cal120_test30_step30_h1_cost0.025_tdpy260_pwin0.5_holdout60_liveensemble_brier_modethreshold_top1\pnl_curves.png,C:\Users\tbill\Documents\ml_engine\experiment_results\fit480_cal120_test30_step30_h1_cost0.025_tdpy260_pwin0.5_holdout60_liveensemble_brier_modethreshold_top1
ensemble_brier Top-3,fit480_cal120_test30_step30_h1_cost0.025_tdpy260_pwin0.5_holdout60_liveensemble_brier_modethreshold_top1,480,120,30,30,1,0.025,260,0.5,60,ensemble_brier,threshold_top1,0.05870918827144345,0.055987598550288384,1.0486105814792273,0.01325252787642417,experiment_results\fit480_cal120_test30_step30_h1_cost0.025_tdpy260_pwin0.5_holdout60_liveensemble_brier_modethreshold_top1\pnl_curves.png,C:\Users\tbill\Documents\ml_engine\experiment_results\fit480_cal120_test30_step30_h1_cost0.025_tdpy260_pwin0.5_holdout60_liveensemble_brier_modethreshold_top1
ensemble_brier Top-Decile,fit480_cal120_test30_step30_h1_cost0.025_tdpy260_pwin0.5_holdout60_liveensemble_brier_modethreshold_top1,480,120,30,30,1,0.025,260,0.5,60,ensemble_brier,threshold_top1,0.05870918827144345,0.055987598550288384,1.0486105814792273,0.01325252787642417,experiment_results\fit480_cal120_test30_step30_h1_cost0.025_tdpy260_pwin0.5_holdout60_liveensemble_brier_modethreshold_top1\pnl_curves.png,C:\Users\tbill\Documents\ml_engine\experiment_results\fit480_cal120_test30_step30_h1_cost0.025_tdpy260_pwin0.5_holdout60_liveensemble_brier_modethreshold_top1
lgbm_deep Threshold,fit480_cal120_test30_step30_h5_cost0.025_tdpy260_pwin0.5_holdout60_livelgbm_deep_modethreshold_top1,480,120,30,30,5,0.025,260,0.5,60,lgbm_deep,threshold_top1,0.03917438049935651,0.039377336417381566,0.9948458698202992,0.008907095641550455,experiment_results\fit480_cal120_test30_step30_h5_cost0.025_tdpy260_pwin0.5_holdout60_livelgbm_deep_modethreshold_top1\pnl_curves.png,C:\Users\tbill\Documents\ml_engine\experiment_results\fit480_cal120_test30_step30_h5_cost0.025_tdpy260_pwin0.5_holdout60_livelgbm_deep_modethreshold_top1
lgbm_deep Threshold Top-1,fit480_cal120_test30_step30_h1_cost0.025_tdpy260_pwin0.5_holdout60_livelgbm_deep_modethreshold_top1,480,120,30,30,1,0.025,260,0.5,60,lgbm_deep,threshold_top1,0.06918432478042225,0.08749423390100959,0.7907301052398144,0.015557323228405417,experiment_results\fit480_cal120_test30_step30_h1_cost0.025_tdpy260_pwin0.5_holdout60_livelgbm_deep_modethreshold_top1\pnl_curves.png,C:\Users\tbill\Documents\ml_engine\experiment_results\fit480_cal120_test30_step30_h1_cost0.025_tdpy260_pwin0.5_holdout60_livelgbm_deep_modethreshold_top1
lgbm_deep Threshold Top-3,fit480_cal120_test30_step30_h5_cost0.025_tdpy260_pwin0.5_holdout60_livelgbm_deep_modethreshold_top1,480,120,30,30,5,0.025,260,0.5,60,lgbm_deep,threshold_top1,0.05927841280164459,0.0529700292820004,1.1190934497328628,0.01337822135166511,experiment_results\fit480_cal120_test30_step30_h5_cost0.025_tdpy260_pwin0.5_holdout60_livelgbm_deep_modethreshold_top1\pnl_curves.png,C:\Users\tbill\Documents\ml_engine\experiment_results\fit480_cal120_test30_step30_h5_cost0.025_tdpy260_pwin0.5_holdout60_livelgbm_deep_modethreshold_top1
lgbm_deep Top-1,fit480_cal120_test30_step30_h1_cost0.025_tdpy260_pwin0.5_holdout60_livelgbm_deep_modethreshold_top1,480,120,30,30,1,0.025,260,0.5,60,lgbm_deep,threshold_top1,0.06918432478042225,0.08749423390100959,0.7907301052398144,0.015557323228405417,experiment_results\fit480_cal120_test30_step30_h1_cost0.025_tdpy260_pwin0.5_holdout60_livelgbm_deep_modethreshold_top1\pnl_curves.png,C:\Users\tbill\Documents\ml_engine\experiment_results\fit480_cal120_test30_step30_h1_cost0.025_tdpy260_pwin0.5_holdout60_livelgbm_deep_modethreshold_top1
lgbm_deep Top-3,fit480_cal120_test30_step30_h5_cost0.025_tdpy260_pwin0.5_holdout60_livelgbm_deep_modethreshold_top1,480,120,30,30,5,0.025,260,0.5,60,lgbm_deep,threshold_top1,0.05507330874555971,0.05664010760736128,0.9723376432710389,0.012448441265015875,experiment_results\fit480_cal120_test30_step30_h5_cost0.025_tdpy260_pwin0.5_holdout60_livelgbm_deep_modethreshold_top1\pnl_curves.png,C:\Users\tbill\Documents\ml_engine\experiment_results\fit480_cal120_test30_step30_h5_cost0.025_tdpy260_pwin0.5_holdout60_livelgbm_deep_modethreshold_top1
lgbm_deep Top-Decile,fit480_cal120_test30_step30_h5_cost0.025_tdpy260_pwin0.5_holdout60_livelgbm_deep_modethreshold_top1,480,120,30,30,5,0.025,260,0.5,60,lgbm_deep,threshold_top1,0.05507330874555971,0.05664010760736128,0.9723376432710389,0.012448441265015875,experiment_results\fit480_cal120_test30_step30_h5_cost0.025_tdpy260_pwin0.5_holdout60_livelgbm_deep_modethreshold_top1\pnl_curves.png,C:\Users\tbill\Documents\ml_engine\experiment_results\fit480_cal120_test30_step30_h5_cost0.025_tdpy260_pwin0.5_holdout60_livelgbm_deep_modethreshold_top1
lgbm_deep_corr_regime Threshold,fit480_cal120_test30_step30_h5_cost0.025_tdpy260_pwin0.5_holdout60_livelgbm_deep_corr_regime_modethreshold_top1,480,120,30,30,5,0.025,260,0.5,60,lgbm_deep_corr_regime,threshold_top1,0.052628956276395744,0.027063059503555403,1.944678733366478,0.011906665776564518,experiment_results\fit480_cal120_test30_step30_h5_cost0.025_tdpy260_pwin0.5_holdout60_livelgbm_deep_corr_regime_modethreshold_top1\pnl_curves.png,C:\Users\tbill\Documents\ml_engine\experiment_results\fit480_cal120_test30_step30_h5_cost0.025_tdpy260_pwin0.5_holdout60_livelgbm_deep_corr_regime_modethreshold_top1
lgbm_deep_corr_regime Threshold Top-1,fit480_cal120_test30_step30_h5_cost0.025_tdpy260_pwin0.5_holdout60_livelgbm_deep_corr_regime_modethreshold_top1,480,120,30,30,5,0.025,260,0.5,60,lgbm_deep_corr_regime,threshold_top1,-0.007732280875571207,0.05234772925661705,-0.14770995772646248,-0.00178970348075691,experiment_results\fit480_cal120_test30_step30_h5_cost0.025_tdpy260_pwin0.5_holdout60_livelgbm_deep_corr_regime_modethreshold_top1\pnl_curves.png,C:\Users\tbill\Documents\ml_engine\experiment_results\fit480_cal120_test30_step30_h5_cost0.025_tdpy260_pwin0.5_holdout60_livelgbm_deep_corr_regime_modethreshold_top1
lgbm_deep_corr_regime Threshold Top-3,fit480_cal120_test30_step30_h5_cost0.025_tdpy260_pwin0.5_holdout60_livelgbm_deep_corr_regime_modethreshold_top1,480,120,30,30,5,0.025,260,0.5,60,lgbm_deep_corr_regime,threshold_top1,0.0847346660494086,0.03035143885708765,2.7917841539041706,0.018946968220295846,experiment_results\fit480_cal120_test30_step30_h5_cost0.025_tdpy260_pwin0.5_holdout60_livelgbm_deep_corr_regime_modethreshold_top1\pnl_curves.png,C:\Users\tbill\Documents\ml_engine\experiment_results\fit480_cal120_test30_step30_h5_cost0.025_tdpy260_pwin0.5_holdout60_livelgbm_deep_corr_regime_modethreshold_top1
lgbm_deep_corr_regime Top-1,fit480_cal120_test30_step30_h5_cost0.025_tdpy260_pwin0.5_holdout60_livelgbm_deep_corr_regime_modethreshold_top1,480,120,30,30,5,0.025,260,0.5,60,lgbm_deep_corr_regime,threshold_top1,-0.006978044079459789,0.05258971574668273,-0.13268837795343952,-0.0016146576091904397,experiment_results\fit480_cal120_test30_step30_h5_cost0.025_tdpy260_pwin0.5_holdout60_livelgbm_deep_corr_regime_modethreshold_top1\pnl_curves.png,C:\Users\tbill\Documents\ml_engine\experiment_results\fit480_cal120_test30_step30_h5_cost0.025_tdpy260_pwin0.5_holdout60_livelgbm_deep_corr_regime_modethreshold_top1
lgbm_deep_corr_regime Top-3,fit480_cal120_test30_step30_h5_cost0.025_tdpy260_pwin0.5_holdout60_livelgbm_deep_corr_regime_modethreshold_top1,480,120,30,30,5,0.025,260,0.5,60,lgbm_deep_corr_regime,threshold_top1,0.0857959973022755,0.02994788218641857,2.8648435561558396,0.019176950062428366,experiment_results\fit480_cal120_test30_step30_h5_cost0.025_tdpy260_pwin0.5_holdout60_livelgbm_deep_corr_regime_modethreshold_top1\pnl_curves.png,C:\Users\tbill\Documents\ml_engine\experiment_results\fit480_cal120_test30_step30_h5_cost0.025_tdpy260_pwin0.5_holdout60_livelgbm_deep_corr_regime_modethreshold_top1
lgbm_deep_corr_regime Top-Decile,fit480_cal120_test30_step30_h5_cost0.025_tdpy260_pwin0.5_holdout60_livelgbm_deep_corr_regime_modethreshold_top1,480,120,30,30,5,0.025,260,0.5,60,lgbm_deep_corr_regime,threshold_top1,0.0857959973022755,0.02994788218641857,2.8648435561558396,0.019176950062428366,experiment_results\fit480_cal120_test30_step30_h5_cost0.025_tdpy260_pwin0.5_holdout60_livelgbm_deep_corr_regime_modethreshold_top1\pnl_curves.png,C:\Users\tbill\Documents\ml_engine\experiment_results\fit480_cal120_test30_step30_h5_cost0.025_tdpy260_pwin0.5_holdout60_livelgbm_deep_corr_regime_modethreshold_top1
lgbm_deep_returns_momentum Threshold,fit480_cal120_test30_step30_h5_cost0.025_tdpy260_pwin0.5_holdout60_livelgbm_deep_returns_momentum_modethreshold_top1,480,120,30,30,5,0.025,260,0.5,60,lgbm_deep_returns_momentum,threshold_top1,0.04707707010420714,0.041575011614201726,1.1323405160066378,0.010672520023817578,experiment_results\fit480_cal120_test30_step30_h5_cost0.025_tdpy260_pwin0.5_holdout60_livelgbm_deep_returns_momentum_modethreshold_top1\pnl_curves.png,C:\Users\tbill\Documents\ml_engine\experiment_results\fit480_cal120_test30_step30_h5_cost0.025_tdpy260_pwin0.5_holdout60_livelgbm_deep_returns_momentum_modethreshold_top1
lgbm_deep_returns_momentum Threshold Top-1,fit480_cal120_test30_step30_h5_cost0.025_tdpy260_pwin0.5_holdout60_livelgbm_deep_returns_momentum_modethreshold_top1,480,120,30,30,5,0.025,260,0.5,60,lgbm_deep_returns_momentum,threshold_top1,0.02165890024240813,0.0699312669313896,0.30971697200421,0.004957094935515105,experiment_results\fit480_cal120_test30_step30_h5_cost0.025_tdpy260_pwin0.5_holdout60_livelgbm_deep_returns_momentum_modethreshold_top1\pnl_curves.png,C:\Users\tbill\Documents\ml_engine\experiment_results\fit480_cal120_test30_step30_h5_cost0.025_tdpy260_pwin0.5_holdout60_livelgbm_deep_returns_momentum_modethreshold_top1
lgbm_deep_returns_momentum Threshold Top-3,fit480_cal120_test30_step30_h5_cost0.025_tdpy260_pwin0.5_holdout60_livelgbm_deep_returns_momentum_modethreshold_top1,480,120,30,30,5,0.025,260,0.5,60,lgbm_deep_returns_momentum,threshold_top1,0.00909271030246761,0.042427689767213055,0.2143107567806863,0.002091018637315978,experiment_results\fit480_cal120_test30_step30_h5_cost0.025_tdpy260_pwin0.5_holdout60_livelgbm_deep_returns_momentum_modethreshold_top1\pnl_curves.png,C:\Users\tbill\Documents\ml_engine\experiment_results\fit480_cal120_test30_step30_h5_cost0.025_tdpy260_pwin0.5_holdout60_livelgbm_deep_returns_momentum_modethreshold_top1
lgbm_deep_returns_momentum Top-1,fit480_cal120_test30_step30_h5_cost0.025_tdpy260_pwin0.5_holdout60_livelgbm_deep_returns_momentum_modethreshold_top1,480,120,30,30,5,0.025,260,0.5,60,lgbm_deep_returns_momentum,threshold_top1,0.02165890024240813,0.0699312669313896,0.30971697200421,0.004957094935515105,experiment_results\fit480_cal120_test30_step30_h5_cost0.025_tdpy260_pwin0.5_holdout60_livelgbm_deep_returns_momentum_modethreshold_top1\pnl_curves.png,C:\Users\tbill\Documents\ml_engine\experiment_results\fit480_cal120_test30_step30_h5_cost0.025_tdpy260_pwin0.5_holdout60_livelgbm_deep_returns_momentum_modethreshold_top1
lgbm_deep_returns_momentum Top-3,fit480_cal120_test30_step30_h5_cost0.025_tdpy260_pwin0.5_holdout60_livelgbm_deep_returns_momentum_modethreshold_top1,480,120,30,30,5,0.025,260,0.5,60,lgbm_deep_returns_momentum,threshold_top1,0.005835497455011884,0.04247996060346633,0.13737059479607222,0.0013436411603089393,experiment_results\fit480_cal120_test30_step30_h5_cost0.025_tdpy260_pwin0.5_holdout60_livelgbm_deep_returns_momentum_modethreshold_top1\pnl_curves.png,C:\Users\tbill\Documents\ml_engine\experiment_results\fit480_cal120_test30_step30_h5_cost0.025_tdpy260_pwin0.5_holdout60_livelgbm_deep_returns_momentum_modethreshold_top1
lgbm_deep_returns_momentum Top-Decile,fit480_cal120_test30_step30_h5_cost0.025_tdpy260_pwin0.5_holdout60_livelgbm_deep_returns_momentum_modethreshold_top1,480,120,30,30,5,0.025,260,0.5,60,lgbm_deep_returns_momentum,threshold_top1,0.005835497455011884,0.04247996060346633,0.13737059479607222,0.0013436411603089393,experiment_results\fit480_cal120_test30_step30_h5_cost0.025_tdpy260_pwin0.5_holdout60_livelgbm_deep_returns_momentum_modethreshold_top1\pnl_curves.png,C:\Users\tbill\Documents\ml_engine\experiment_results\fit480_cal120_test30_step30_h5_cost0.025_tdpy260_pwin0.5_holdout60_livelgbm_deep_returns_momentum_modethreshold_top1
lgbm_deep_volatility Threshold,fit480_cal120_test30_step30_h5_cost0.025_tdpy260_pwin0.5_holdout60_livelgbm_deep_volatility_modethreshold_top1,480,120,30,30,5,0.025,260,0.5,60,lgbm_deep_volatility,threshold_top1,0.012457607969106776,0.027789015532836372,0.44829252603016745,0.0028611585040085874,experiment_results\fit480_cal120_test30_step30_h5_cost0.025_tdpy260_pwin0.5_holdout60_livelgbm_deep_volatility_modethreshold_top1\pnl_curves.png,C:\Users\tbill\Documents\ml_engine\experiment_results\fit480_cal120_test30_step30_h5_cost0.025_tdpy260_pwin0.5_holdout60_livelgbm_deep_volatility_modethreshold_top1
lgbm_deep_volatility Threshold Top-1,fit480_cal120_test30_step30_h5_cost0.025_tdpy260_pwin0.5_holdout60_livelgbm_deep_volatility_modethreshold_top1,480,120,30,30,5,0.025,260,0.5,60,lgbm_deep_volatility,threshold_top1,-0.12879578046191864,0.07066315735812986,-1.822672312944711,-0.03131732682457411,experiment_results\fit480_cal120_test30_step30_h5_cost0.025_tdpy260_pwin0.5_holdout60_livelgbm_deep_volatility_modethreshold_top1\pnl_curves.png,C:\Users\tbill\Documents\ml_engine\experiment_results\fit480_cal120_test30_step30_h5_cost0.025_tdpy260_pwin0.5_holdout60_livelgbm_deep_volatility_modethreshold_top1
lgbm_deep_volatility Threshold Top-3,fit480_cal120_test30_step30_h5_cost0.025_tdpy260_pwin0.5_holdout60_livelgbm_deep_volatility_modethreshold_top1,480,120,30,30,5,0.025,260,0.5,60,lgbm_deep_volatility,threshold_top1,-0.041079752479669884,0.049515414951592666,-0.8296356300321897,-0.009633460279912076,experiment_results\fit480_cal120_test30_step30_h5_cost0.025_tdpy260_pwin0.5_holdout60_livelgbm_deep_volatility_modethreshold_top1\pnl_curves.png,C:\Users\tbill\Documents\ml_engine\experiment_results\fit480_cal120_test30_step30_h5_cost0.025_tdpy260_pwin0.5_holdout60_livelgbm_deep_volatility_modethreshold_top1
lgbm_deep_volatility Top-1,fit480_cal120_test30_step30_h5_cost0.025_tdpy260_pwin0.5_holdout60_livelgbm_deep_volatility_modethreshold_top1,480,120,30,30,5,0.025,260,0.5,60,lgbm_deep_volatility,threshold_top1,-0.10465987931601539,0.07689348058942101,-1.3611021183298402,-0.025189231051778616,experiment_results\fit480_cal120_test30_step30_h5_cost0.025_tdpy260_pwin0.5_holdout60_livelgbm_deep_volatility_modethreshold_top1\pnl_curves.png,C:\Users\tbill\Documents\ml_engine\experiment_results\fit480_cal120_test30_step30_h5_cost0.025_tdpy260_pwin0.5_holdout60_livelgbm_deep_volatility_modethreshold_top1
lgbm_deep_volatility Top-3,fit480_cal120_test30_step30_h5_cost0.025_tdpy260_pwin0.5_holdout60_livelgbm_deep_volatility_modethreshold_top1,480,120,30,30,5,0.025,260,0.5,60,lgbm_deep_volatility,threshold_top1,0.02302318082910637,0.05521877788941465,0.416944773301835,0.005266623165720352,experiment_results\fit480_cal120_test30_step30_h5_cost0.025_tdpy260_pwin0.5_holdout60_livelgbm_deep_volatility_modethreshold_top1\pnl_curves.png,C:\Users\tbill\Documents\ml_engine\experiment_results\fit480_cal120_test30_step30_h5_cost0.025_tdpy260_pwin0.5_holdout60_livelgbm_deep_volatility_modethreshold_top1
lgbm_deep_volatility Top-Decile,fit480_cal120_test30_step30_h5_cost0.025_tdpy260_pwin0.5_holdout60_livelgbm_deep_volatility_modethreshold_top1,480,120,30,30,5,0.025,260,0.5,60,lgbm_deep_volatility,threshold_top1,0.02302318082910637,0.05521877788941465,0.416944773301835,0.005266623165720352,experiment_results\fit480_cal120_test30_step30_h5_cost0.025_tdpy260_pwin0.5_holdout60_livelgbm_deep_volatility_modethreshold_top1\pnl_curves.png,C:\Users\tbill\Documents\ml_engine\experiment_results\fit480_cal120_test30_step30_h5_cost0.025_tdpy260_pwin0.5_holdout60_livelgbm_deep_volatility_modethreshold_top1
logreg Threshold,fit480_cal120_test30_step30_h1_cost0.025_tdpy260_pwin0.5_holdout60_livelogreg_modethreshold_top1,480,120,30,30,1,0.025,260,0.5,60,logreg,threshold_top1,-0.05919295326703877,0.04352628929077123,-1.3599356671920413,-0.013982222882780726,experiment_results\fit480_cal120_test30_step30_h1_cost0.025_tdpy260_pwin0.5_holdout60_livelogreg_modethreshold_top1\pnl_curves.png,C:\Users\tbill\Documents\ml_engine\experiment_results\fit480_cal120_test30_step30_h1_cost0.025_tdpy260_pwin0.5_holdout60_livelogreg_modethreshold_top1
logreg Threshold Top-1,fit480_cal120_test30_step30_h1_cost0.025_tdpy260_pwin0.5_holdout60_livelogreg_modethreshold_top1,480,120,30,30,1,0.025,260,0.5,60,logreg,threshold_top1,0.11368931749849454,0.05670443165687778,2.0049458953479338,0.02516012355576036,experiment_results\fit480_cal120_test30_step30_h1_cost0.025_tdpy260_pwin0.5_holdout60_livelogreg_modethreshold_top1\pnl_curves.png,C:\Users\tbill\Documents\ml_engine\experiment_results\fit480_cal120_test30_step30_h1_cost0.025_tdpy260_pwin0.5_holdout60_livelogreg_modethreshold_top1
logreg Threshold Top-3,fit480_cal120_test30_step30_h1_cost0.025_tdpy260_pwin0.5_holdout60_livelogreg_modethreshold_top1,480,120,30,30,1,0.025,260,0.5,60,logreg,threshold_top1,-0.019286365919420456,0.04915162609168784,-0.3923851040745532,-0.00448409497149016,experiment_results\fit480_cal120_test30_step30_h1_cost0.025_tdpy260_pwin0.5_holdout60_livelogreg_modethreshold_top1\pnl_curves.png,C:\Users\tbill\Documents\ml_engine\experiment_results\fit480_cal120_test30_step30_h1_cost0.025_tdpy260_pwin0.5_holdout60_livelogreg_modethreshold_top1
logreg Top-1,fit480_cal120_test30_step30_h1_cost0.025_tdpy260_pwin0.5_holdout60_livelogreg_modethreshold_top1,480,120,30,30,1,0.025,260,0.5,60,logreg,threshold_top1,0.11368931749849454,0.05670443165687778,2.0049458953479338,0.02516012355576036,experiment_results\fit480_cal120_test30_step30_h1_cost0.025_tdpy260_pwin0.5_holdout60_livelogreg_modethreshold_top1\pnl_curves.png,C:\Users\tbill\Documents\ml_engine\experiment_results\fit480_cal120_test30_step30_h1_cost0.025_tdpy260_pwin0.5_holdout60_livelogreg_modethreshold_top1
logreg Top-3,fit480_cal120_test30_step30_h1_cost0.025_tdpy260_pwin0.5_holdout60_livelogreg_modethreshold_top1,480,120,30,30,1,0.025,260,0.5,60,logreg,threshold_top1,0.000927753247800478,0.04789941767169361,0.019368779264904053,0.00021402054930397263,experiment_results\fit480_cal120_test30_step30_h1_cost0.025_tdpy260_pwin0.5_holdout60_livelogreg_modethreshold_top1\pnl_curves.png,C:\Users\tbill\Documents\ml_engine\experiment_results\fit480_cal120_test30_step30_h1_cost0.025_tdpy260_pwin0.5_holdout60_livelogreg_modethreshold_top1
logreg Top-Decile,fit480_cal120_test30_step30_h1_cost0.025_tdpy260_pwin0.5_holdout60_livelogreg_modethreshold_top1,480,120,30,30,1,0.025,260,0.5,60,logreg,threshold_top1,0.000927753247800478,0.04789941767169361,0.019368779264904053,0.00021402054930397263,experiment_results\fit480_cal120_test30_step30_h1_cost0.025_tdpy260_pwin0.5_holdout60_livelogreg_modethreshold_top1\pnl_curves.png,C:\Users\tbill\Documents\ml_engine\experiment_results\fit480_cal120_test30_step30_h1_cost0.025_tdpy260_pwin0.5_holdout60_livelogreg_modethreshold_top1
logreg_corr_regime Threshold,fit480_cal120_test30_step30_h1_cost0.025_tdpy260_pwin0.5_holdout60_livelogreg_corr_regime_modethreshold_top1,480,120,30,30,1,0.025,260,0.5,60,logreg_corr_regime,threshold_top1,-0.08039321790625464,0.04907937200107555,-1.6380245840246868,-0.01915473532341494,experiment_results\fit480_cal120_test30_step30_h1_cost0.025_tdpy260_pwin0.5_holdout60_livelogreg_corr_regime_modethreshold_top1\pnl_curves.png,C:\Users\tbill\Documents\ml_engine\experiment_results\fit480_cal120_test30_step30_h1_cost0.025_tdpy260_pwin0.5_holdout60_livelogreg_corr_regime_modethreshold_top1
logreg_corr_regime Threshold Top-1,fit480_cal120_test30_step30_h1_cost0.025_tdpy260_pwin0.5_holdout60_livelogreg_corr_regime_modethreshold_top1,480,120,30,30,1,0.025,260,0.5,60,logreg_corr_regime,threshold_top1,0.04799590909342144,0.05137579579926398,0.9342124700306644,0.010877118595850721,experiment_results\fit480_cal120_test30_step30_h1_cost0.025_tdpy260_pwin0.5_holdout60_livelogreg_corr_regime_modethreshold_top1\pnl_curves.png,C:\Users\tbill\Documents\ml_engine\experiment_results\fit480_cal120_test30_step30_h1_cost0.025_tdpy260_pwin0.5_holdout60_livelogreg_corr_regime_modethreshold_top1
logreg_corr_regime Threshold Top-3,fit480_cal120_test30_step30_h1_cost0.025_tdpy260_pwin0.5_holdout60_livelogreg_corr_regime_modethreshold_top1,480,120,30,30,1,0.025,260,0.5,60,logreg_corr_regime,threshold_top1,-0.13961263754445574,0.05294095766952999,-2.637138497115049,-0.03410617443600328,experiment_results\fit480_cal120_test30_step30_h1_cost0.025_tdpy260_pwin0.5_holdout60_livelogreg_corr_regime_modethreshold_top1\pnl_curves.png,C:\Users\tbill\Documents\ml_engine\experiment_results\fit480_cal120_test30_step30_h1_cost0.025_tdpy260_pwin0.5_holdout60_livelogreg_corr_regime_modethreshold_top1
logreg_corr_regime Top-1,fit480_cal120_test30_step30_h1_cost0.025_tdpy260_pwin0.5_holdout60_livelogreg_corr_regime_modethreshold_top1,480,120,30,30,1,0.025,260,0.5,60,logreg_corr_regime,threshold_top1,0.04799590909342144,0.05137579579926398,0.9342124700306644,0.010877118595850721,experiment_results\fit480_cal120_test30_step30_h1_cost0.025_tdpy260_pwin0.5_holdout60_livelogreg_corr_regime_modethreshold_top1\pnl_curves.png,C:\Users\tbill\Documents\ml_engine\experiment_results\fit480_cal120_test30_step30_h1_cost0.025_tdpy260_pwin0.5_holdout60_livelogreg_corr_regime_modethreshold_top1
logreg_corr_regime Top-3,fit480_cal120_test30_step30_h5_cost0.025_tdpy260_pwin0.5_holdout60_livelogreg_corr_regime_modethreshold_top1,480,120,30,30,5,0.025,260,0.5,60,logreg_corr_regime,threshold_top1,-0.06577048490645332,0.03787924622292783,-1.7363197915655268,-0.015577352955661317,experiment_results\fit480_cal120_test30_step30_h5_cost0.025_tdpy260_pwin0.5_holdout60_livelogreg_corr_regime_modethreshold_top1\pnl_curves.png,C:\Users\tbill\Documents\ml_engine\experiment_results\fit480_cal120_test30_step30_h5_cost0.025_tdpy260_pwin0.5_holdout60_livelogreg_corr_regime_modethreshold_top1
logreg_corr_regime Top-Decile,fit480_cal120_test30_step30_h5_cost0.025_tdpy260_pwin0.5_holdout60_livelogreg_corr_regime_modethreshold_top1,480,120,30,30,5,0.025,260,0.5,60,logreg_corr_regime,threshold_top1,-0.06577048490645332,0.03787924622292783,-1.7363197915655268,-0.015577352955661317,experiment_results\fit480_cal120_test30_step30_h5_cost0.025_tdpy260_pwin0.5_holdout60_livelogreg_corr_regime_modethreshold_top1\pnl_curves.png,C:\Users\tbill\Documents\ml_engine\experiment_results\fit480_cal120_test30_step30_h5_cost0.025_tdpy260_pwin0.5_holdout60_livelogreg_corr_regime_modethreshold_top1
logreg_returns_momentum Threshold,fit480_cal120_test30_step30_h5_cost0.025_tdpy260_pwin0.5_holdout60_livelogreg_returns_momentum_modethreshold_top1,480,120,30,30,5,0.025,260,0.5,60,logreg_returns_momentum,threshold_top1,0.09327020043421186,0.04065768194486488,2.2940363535898043,0.020791670993624667,experiment_results\fit480_cal120_test30_step30_h5_cost0.025_tdpy260_pwin0.5_holdout60_livelogreg_returns_momentum_modethreshold_top1\pnl_curves.png,C:\Users\tbill\Documents\ml_engine\experiment_results\fit480_cal120_test30_step30_h5_cost0.025_tdpy260_pwin0.5_holdout60_livelogreg_returns_momentum_modethreshold_top1
logreg_returns_momentum Threshold Top-1,fit480_cal120_test30_step30_h5_cost0.025_tdpy260_pwin0.5_holdout60_livelogreg_returns_momentum_modethreshold_top1,480,120,30,30,5,0.025,260,0.5,60,logreg_returns_momentum,threshold_top1,0.1360856022218513,0.07553769864470262,1.801558753622352,0.02988128630397746,experiment_results\fit480_cal120_test30_step30_h5_cost0.025_tdpy260_pwin0.5_holdout60_livelogreg_returns_momentum_modethreshold_top1\pnl_curves.png,C:\Users\tbill\Documents\ml_engine\experiment_results\fit480_cal120_test30_step30_h5_cost0.025_tdpy260_pwin0.5_holdout60_livelogreg_returns_momentum_modethreshold_top1
logreg_returns_momentum Threshold Top-3,fit480_cal120_test30_step30_h1_cost0.025_tdpy260_pwin0.5_holdout60_livelogreg_returns_momentum_modethreshold_top1,480,120,30,30,1,0.025,260,0.5,60,logreg_returns_momentum,threshold_top1,0.09861116609188136,0.0664536515951584,1.4839089158354972,0.02194033457124167,experiment_results\fit480_cal120_test30_step30_h1_cost0.025_tdpy260_pwin0.5_holdout60_livelogreg_returns_momentum_modethreshold_top1\pnl_curves.png,C:\Users\tbill\Documents\ml_engine\experiment_results\fit480_cal120_test30_step30_h1_cost0.025_tdpy260_pwin0.5_holdout60_livelogreg_returns_momentum_modethreshold_top1
logreg_returns_momentum Top-1,fit480_cal120_test30_step30_h5_cost0.025_tdpy260_pwin0.5_holdout60_livelogreg_returns_momentum_modethreshold_top1,480,120,30,30,5,0.025,260,0.5,60,logreg_returns_momentum,threshold_top1,0.1360856022218513,0.07553769864470262,1.801558753622352,0.02988128630397746,experiment_results\fit480_cal120_test30_step30_h5_cost0.025_tdpy260_pwin0.5_holdout60_livelogreg_returns_momentum_modethreshold_top1\pnl_curves.png,C:\Users\tbill\Documents\ml_engine\experiment_results\fit480_cal120_test30_step30_h5_cost0.025_tdpy260_pwin0.5_holdout60_livelogreg_returns_momentum_modethreshold_top1
logreg_returns_momentum Top-3,fit480_cal120_test30_step30_h1_cost0.025_tdpy260_pwin0.5_holdout60_livelogreg_returns_momentum_modethreshold_top1,480,120,30,30,1,0.025,260,0.5,60,logreg_returns_momentum,threshold_top1,0.09861116609188136,0.0664536515951584,1.4839089158354972,0.02194033457124167,experiment_results\fit480_cal120_test30_step30_h1_cost0.025_tdpy260_pwin0.5_holdout60_livelogreg_returns_momentum_modethreshold_top1\pnl_curves.png,C:\Users\tbill\Documents\ml_engine\experiment_results\fit480_cal120_test30_step30_h1_cost0.025_tdpy260_pwin0.5_holdout60_livelogreg_returns_momentum_modethreshold_top1
logreg_returns_momentum Top-Decile,fit480_cal120_test30_step30_h1_cost0.025_tdpy260_pwin0.5_holdout60_livelogreg_returns_momentum_modethreshold_top1,480,120,30,30,1,0.025,260,0.5,60,logreg_returns_momentum,threshold_top1,0.09861116609188136,0.0664536515951584,1.4839089158354972,0.02194033457124167,experiment_results\fit480_cal120_test30_step30_h1_cost0.025_tdpy260_pwin0.5_holdout60_livelogreg_returns_momentum_modethreshold_top1\pnl_curves.png,C:\Users\tbill\Documents\ml_engine\experiment_results\fit480_cal120_test30_step30_h1_cost0.025_tdpy260_pwin0.5_holdout60_livelogreg_returns_momentum_modethreshold_top1
logreg_volatility Threshold,fit480_cal120_test30_step30_h5_cost0.025_tdpy260_pwin0.5_holdout60_livelogreg_volatility_modethreshold_top1,480,120,30,30,5,0.025,260,0.5,60,logreg_volatility,threshold_top1,-0.021360950537497758,0.04562579882768857,-0.4681770201584855,-0.004970467110471999,experiment_results\fit480_cal120_test30_step30_h5_cost0.025_tdpy260_pwin0.5_holdout60_livelogreg_volatility_modethreshold_top1\pnl_curves.png,C:\Users\tbill\Documents\ml_engine\experiment_results\fit480_cal120_test30_step30_h5_cost0.025_tdpy260_pwin0.5_holdout60_livelogreg_volatility_modethreshold_top1
logreg_volatility Threshold Top-1,fit480_cal120_test30_step30_h5_cost0.025_tdpy260_pwin0.5_holdout60_livelogreg_volatility_modethreshold_top1,480,120,30,30,5,0.025,260,0.5,60,logreg_volatility,threshold_top1,0.03649352553997609,0.07975972196421305,0.45754328928516286,0.008305859155938844,experiment_results\fit480_cal120_test30_step30_h5_cost0.025_tdpy260_pwin0.5_holdout60_livelogreg_volatility_modethreshold_top1\pnl_curves.png,C:\Users\tbill\Documents\ml_engine\experiment_results\fit480_cal120_test30_step30_h5_cost0.025_tdpy260_pwin0.5_holdout60_livelogreg_volatility_modethreshold_top1
logreg_volatility Threshold Top-3,fit480_cal120_test30_step30_h5_cost0.025_tdpy260_pwin0.5_holdout60_livelogreg_volatility_modethreshold_top1,480,120,30,30,5,0.025,260,0.5,60,logreg_volatility,threshold_top1,0.02076893621568443,0.06927075518417715,0.2998225753489184,0.004755008339821121,experiment_results\fit480_cal120_test30_step30_h5_cost0.025_tdpy260_pwin0.5_holdout60_livelogreg_volatility_modethreshold_top1\pnl_curves.png,C:\Users\tbill\Documents\ml_engine\experiment_results\fit480_cal120_test30_step30_h5_cost0.025_tdpy260_pwin0.5_holdout60_livelogreg_volatility_modethreshold_top1
logreg_volatility Top-1,fit480_cal120_test30_step30_h5_cost0.025_tdpy260_pwin0.5_holdout60_livelogreg_volatility_modethreshold_top1,480,120,30,30,5,0.025,260,0.5,60,logreg_volatility,threshold_top1,0.03649352553997609,0.07975972196421305,0.45754328928516286,0.008305859155938844,experiment_results\fit480_cal120_test30_step30_h5_cost0.025_tdpy260_pwin0.5_holdout60_livelogreg_volatility_modethreshold_top1\pnl_curves.png,C:\Users\tbill\Documents\ml_engine\experiment_results\fit480_cal120_test30_step30_h5_cost0.025_tdpy260_pwin0.5_holdout60_livelogreg_volatility_modethreshold_top1
logreg_volatility Top-3,fit480_cal120_test30_step30_h5_cost0.025_tdpy260_pwin0.5_holdout60_livelogreg_volatility_modethreshold_top1,480,120,30,30,5,0.025,260,0.5,60,logreg_volatility,threshold_top1,0.02076893621568443,0.06927075518417715,0.2998225753489184,0.004755008339821121,experiment_results\fit480_cal120_test30_step30_h5_cost0.025_tdpy260_pwin0.5_holdout60_livelogreg_volatility_modethreshold_top1\pnl_curves.png,C:\Users\tbill\Documents\ml_engine\experiment_results\fit480_cal120_test30_step30_h5_cost0.025_tdpy260_pwin0.5_holdout60_livelogreg_volatility_modethreshold_top1
logreg_volatility Top-Decile,fit480_cal120_test30_step30_h5_cost0.025_tdpy260_pwin0.5_holdout60_livelogreg_volatility_modethreshold_top1,480,120,30,30,5,0.025,260,0.5,60,logreg_volatility,threshold_top1,0.02076893621568443,0.06927075518417715,0.2998225753489184,0.004755008339821121,experiment_results\fit480_cal120_test30_step30_h5_cost0.025_tdpy260_pwin0.5_holdout60_livelogreg_volatility_modethreshold_top1\pnl_curves.png,C:\Users\tbill\Documents\ml_engine\experiment_results\fit480_cal120_test30_step30_h5_cost0.025_tdpy260_pwin0.5_holdout60_livelogreg_volatility_modethreshold_top1
rf Threshold,fit480_cal120_test30_step30_h5_cost0.025_tdpy260_pwin0.5_holdout60_liverf_modethreshold_top1,480,120,30,30,5,0.025,260,0.5,60,rf,threshold_top1,0.007008659617081969,0.04370526570091498,0.16036190387318117,0.0016130410427674935,experiment_results\fit480_cal120_test30_step30_h5_cost0.025_tdpy260_pwin0.5_holdout60_liverf_modethreshold_top1\pnl_curves.png,C:\Users\tbill\Documents\ml_engine\experiment_results\fit480_cal120_test30_step30_h5_cost0.025_tdpy260_pwin0.5_holdout60_liverf_modethreshold_top1
rf Threshold Top-1,fit480_cal120_test30_step30_h5_cost0.025_tdpy260_pwin0.5_holdout60_liverf_modethreshold_top1,480,120,30,30,5,0.025,260,0.5,60,rf,threshold_top1,0.012694199784740956,0.044569466952117436,0.2848182994510297,0.002915234254175836,experiment_results\fit480_cal120_test30_step30_h5_cost0.025_tdpy260_pwin0.5_holdout60_liverf_modethreshold_top1\pnl_curves.png,C:\Users\tbill\Documents\ml_engine\experiment_results\fit480_cal120_test30_step30_h5_cost0.025_tdpy260_pwin0.5_holdout60_liverf_modethreshold_top1
rf Threshold Top-3,fit480_cal120_test30_step30_h5_cost0.025_tdpy260_pwin0.5_holdout60_liverf_modethreshold_top1,480,120,30,30,5,0.025,260,0.5,60,rf,threshold_top1,0.03540741517877333,0.047363591111638556,0.7475661018886032,0.00806193620709017,experiment_results\fit480_cal120_test30_step30_h5_cost0.025_tdpy260_pwin0.5_holdout60_liverf_modethreshold_top1\pnl_curves.png,C:\Users\tbill\Documents\ml_engine\experiment_results\fit480_cal120_test30_step30_h5_cost0.025_tdpy260_pwin0.5_holdout60_liverf_modethreshold_top1
rf Top-1,fit480_cal120_test30_step30_h5_cost0.025_tdpy260_pwin0.5_holdout60_liverf_modethreshold_top1,480,120,30,30,5,0.025,260,0.5,60,rf,threshold_top1,-0.013882089574168033,0.06998594172997896,-0.19835540154232922,-0.0032208051780366898,experiment_results\fit480_cal120_test30_step30_h5_cost0.025_tdpy260_pwin0.5_holdout60_liverf_modethreshold_top1\pnl_curves.png,C:\Users\tbill\Documents\ml_engine\experiment_results\fit480_cal120_test30_step30_h5_cost0.025_tdpy260_pwin0.5_holdout60_liverf_modethreshold_top1
rf Top-3,fit480_cal120_test30_step30_h5_cost0.025_tdpy260_pwin0.5_holdout60_liverf_modethreshold_top1,480,120,30,30,5,0.025,260,0.5,60,rf,threshold_top1,-0.032180627170895315,0.05682399958343048,-0.5663210510841793,-0.007519999347819439,experiment_results\fit480_cal120_test30_step30_h5_cost0.025_tdpy260_pwin0.5_holdout60_liverf_modethreshold_top1\pnl_curves.png,C:\Users\tbill\Documents\ml_engine\experiment_results\fit480_cal120_test30_step30_h5_cost0.025_tdpy260_pwin0.5_holdout60_liverf_modethreshold_top1
rf Top-Decile,fit480_cal120_test30_step30_h5_cost0.025_tdpy260_pwin0.5_holdout60_liverf_modethreshold_top1,480,120,30,30,5,0.025,260,0.5,60,rf,threshold_top1,-0.032180627170895315,0.05682399958343048,-0.5663210510841793,-0.007519999347819439,experiment_results\fit480_cal120_test30_step30_h5_cost0.025_tdpy260_pwin0.5_holdout60_liverf_modethreshold_top1\pnl_curves.png,C:\Users\tbill\Documents\ml_engine\experiment_results\fit480_cal120_test30_step30_h5_cost0.025_tdpy260_pwin0.5_holdout60_liverf_modethreshold_top1
rf_corr_regime Threshold,fit480_cal120_test30_step30_h5_cost0.025_tdpy260_pwin0.5_holdout60_liverf_corr_regime_modethreshold_top1,480,120,30,30,5,0.025,260,0.5,60,rf_corr_regime,threshold_top1,0.02528490751426693,0.02845514793419078,0.8885881589069304,0.0057790653209031095,experiment_results\fit480_cal120_test30_step30_h5_cost0.025_tdpy260_pwin0.5_holdout60_liverf_corr_regime_modethreshold_top1\pnl_curves.png,C:\Users\tbill\Documents\ml_engine\experiment_results\fit480_cal120_test30_step30_h5_cost0.025_tdpy260_pwin0.5_holdout60_liverf_corr_regime_modethreshold_top1
rf_corr_regime Threshold Top-1,fit480_cal120_test30_step30_h5_cost0.025_tdpy260_pwin0.5_holdout60_liverf_corr_regime_modethreshold_top1,480,120,30,30,5,0.025,260,0.5,60,rf_corr_regime,threshold_top1,0.1412493604210816,0.05673038435528374,2.489836126201496,0.030959642062466486,experiment_results\fit480_cal120_test30_step30_h5_cost0.025_tdpy260_pwin0.5_holdout60_liverf_corr_regime_modethreshold_top1\pnl_curves.png,C:\Users\tbill\Documents\ml_engine\experiment_results\fit480_cal120_test30_step30_h5_cost0.025_tdpy260_pwin0.5_holdout60_liverf_corr_regime_modethreshold_top1
rf_corr_regime Threshold Top-3,fit480_cal120_test30_step30_h1_cost0.025_tdpy260_pwin0.5_holdout60_liverf_corr_regime_modethreshold_top1,480,120,30,30,1,0.025,260,0.5,60,rf_corr_regime,threshold_top1,0.04716472738511235,0.05299008455474895,0.8900670338878609,0.010692044694725844,experiment_results\fit480_cal120_test30_step30_h1_cost0.025_tdpy260_pwin0.5_holdout60_liverf_corr_regime_modethreshold_top1\pnl_curves.png,C:\Users\tbill\Documents\ml_engine\experiment_results\fit480_cal120_test30_step30_h1_cost0.025_tdpy260_pwin0.5_holdout60_liverf_corr_regime_modethreshold_top1
rf_corr_regime Top-1,fit480_cal120_test30_step30_h1_cost0.025_tdpy260_pwin0.5_holdout60_liverf_corr_regime_modethreshold_top1,480,120,30,30,1,0.025,260,0.5,60,rf_corr_regime,threshold_top1,0.18942686584111557,0.08149411544655773,2.3244238532208876,0.04084397636814763,experiment_results\fit480_cal120_test30_step30_h1_cost0.025_tdpy260_pwin0.5_holdout60_liverf_corr_regime_modethreshold_top1\pnl_curves.png,C:\Users\tbill\Documents\ml_engine\experiment_results\fit480_cal120_test30_step30_h1_cost0.025_tdpy260_pwin0.5_holdout60_liverf_corr_regime_modethreshold_top1
rf_corr_regime Top-3,fit480_cal120_test30_step30_h1_cost0.025_tdpy260_pwin0.5_holdout60_liverf_corr_regime_modethreshold_top1,480,120,30,30,1,0.025,260,0.5,60,rf_corr_regime,threshold_top1,0.07011448741589765,0.05494376795667093,1.2761135616179522,0.015761141626792652,experiment_results\fit480_cal120_test30_step30_h1_cost0.025_tdpy260_pwin0.5_holdout60_liverf_corr_regime_modethreshold_top1\pnl_curves.png,C:\Users\tbill\Documents\ml_engine\experiment_results\fit480_cal120_test30_step30_h1_cost0.025_tdpy260_pwin0.5_holdout60_liverf_corr_regime_modethreshold_top1
rf_corr_regime Top-Decile,fit480_cal120_test30_step30_h1_cost0.025_tdpy260_pwin0.5_holdout60_liverf_corr_regime_modethreshold_top1,480,120,30,30,1,0.025,260,0.5,60,rf_corr_regime,threshold_top1,0.07011448741589765,0.05494376795667093,1.2761135616179522,0.015761141626792652,experiment_results\fit480_cal120_test30_step30_h1_cost0.025_tdpy260_pwin0.5_holdout60_liverf_corr_regime_modethreshold_top1\pnl_curves.png,C:\Users\tbill\Documents\ml_engine\experiment_results\fit480_cal120_test30_step30_h1_cost0.025_tdpy260_pwin0.5_holdout60_liverf_corr_regime_modethreshold_top1
rf_returns_momentum Threshold,fit480_cal120_test30_step30_h5_cost0.025_tdpy260_pwin0.5_holdout60_liverf_returns_momentum_modethreshold_top1,480,120,30,30,5,0.025,260,0.5,60,rf_returns_momentum,threshold_top1,0.056616310561402594,0.04143818672195681,1.3662834945285713,0.01278994108357634,experiment_results\fit480_cal120_test30_step30_h5_cost0.025_tdpy260_pwin0.5_holdout60_liverf_returns_momentum_modethreshold_top1\pnl_curves.png,C:\Users\tbill\Documents\ml_engine\experiment_results\fit480_cal120_test30_step30_h5_cost0.025_tdpy260_pwin0.5_holdout60_liverf_returns_momentum_modethreshold_top1
rf_returns_momentum Threshold Top-1,fit480_cal120_test30_step30_h5_cost0.025_tdpy260_pwin0.5_holdout60_liverf_returns_momentum_modethreshold_top1,480,120,30,30,5,0.025,260,0.5,60,rf_returns_momentum,threshold_top1,-0.016965653915421153,0.08900505635968285,-0.1906144955052934,-0.003940956900110204,experiment_results\fit480_cal120_test30_step30_h5_cost0.025_tdpy260_pwin0.5_holdout60_liverf_returns_momentum_modethreshold_top1\pnl_curves.png,C:\Users\tbill\Documents\ml_engine\experiment_results\fit480_cal120_test30_step30_h5_cost0.025_tdpy260_pwin0.5_holdout60_liverf_returns_momentum_modethreshold_top1
rf_returns_momentum Threshold Top-3,fit480_cal120_test30_step30_h1_cost0.025_tdpy260_pwin0.5_holdout60_liverf_returns_momentum_modethreshold_top1,480,120,30,30,1,0.025,260,0.5,60,rf_returns_momentum,threshold_top1,0.07148569497880497,0.06277670160569135,1.1387297062501938,0.016061353958577884,experiment_results\fit480_cal120_test30_step30_h1_cost0.025_tdpy260_pwin0.5_holdout60_liverf_returns_momentum_modethreshold_top1\pnl_curves.png,C:\Users\tbill\Documents\ml_engine\experiment_results\fit480_cal120_test30_step30_h1_cost0.025_tdpy260_pwin0.5_holdout60_liverf_returns_momentum_modethreshold_top1
rf_returns_momentum Top-1,fit480_cal120_test30_step30_h5_cost0.025_tdpy260_pwin0.5_holdout60_liverf_returns_momentum_modethreshold_top1,480,120,30,30,5,0.025,260,0.5,60,rf_returns_momentum,threshold_top1,-0.016965653915421153,0.08900505635968285,-0.1906144955052934,-0.003940956900110204,experiment_results\fit480_cal120_test30_step30_h5_cost0.025_tdpy260_pwin0.5_holdout60_liverf_returns_momentum_modethreshold_top1\pnl_curves.png,C:\Users\tbill\Documents\ml_engine\experiment_results\fit480_cal120_test30_step30_h5_cost0.025_tdpy260_pwin0.5_holdout60_liverf_returns_momentum_modethreshold_top1
rf_returns_momentum Top-3,fit480_cal120_test30_step30_h1_cost0.025_tdpy260_pwin0.5_holdout60_liverf_returns_momentum_modethreshold_top1,480,120,30,30,1,0.025,260,0.5,60,rf_returns_momentum,threshold_top1,0.07148569497880497,0.06277670160569135,1.1387297062501938,0.016061353958577884,experiment_results\fit480_cal120_test30_step30_h1_cost0.025_tdpy260_pwin0.5_holdout60_liverf_returns_momentum_modethreshold_top1\pnl_curves.png,C:\Users\tbill\Documents\ml_engine\experiment_results\fit480_cal120_test30_step30_h1_cost0.025_tdpy260_pwin0.5_holdout60_liverf_returns_momentum_modethreshold_top1
rf_returns_momentum Top-Decile,fit480_cal120_test30_step30_h1_cost0.025_tdpy260_pwin0.5_holdout60_liverf_returns_momentum_modethreshold_top1,480,120,30,30,1,0.025,260,0.5,60,rf_returns_momentum,threshold_top1,0.07148569497880497,0.06277670160569135,1.1387297062501938,0.016061353958577884,experiment_results\fit480_cal120_test30_step30_h1_cost0.025_tdpy260_pwin0.5_holdout60_liverf_returns_momentum_modethreshold_top1\pnl_curves.png,C:\Users\tbill\Documents\ml_engine\experiment_results\fit480_cal120_test30_step30_h1_cost0.025_tdpy260_pwin0.5_holdout60_liverf_returns_momentum_modethreshold_top1
